{
    "function": "bin.ensemble.main",
    "config": {
        "seeds": [
            5,
            6,
            7,
            8,
            9
        ]
    },
    "single_model_function": "bin.tabr_classGroup.main",
    "data": ":data/abalone_classification",
    "prediction_type": "probs",
    "metrics": {
        "train": {
            "0": {
                "precision": 0.6197916666666666,
                "recall": 0.7579617834394905,
                "f1-score": 0.681948424068768,
                "support": 314.0
            },
            "1": {
                "precision": 0.3488372093023256,
                "recall": 0.3157894736842105,
                "f1-score": 0.3314917127071823,
                "support": 285.0
            },
            "2": {
                "precision": 0.3258426966292135,
                "recall": 0.43283582089552236,
                "f1-score": 0.37179487179487175,
                "support": 402.0
            },
            "3": {
                "precision": 0.33853006681514475,
                "recall": 0.31020408163265306,
                "f1-score": 0.32374866879659214,
                "support": 490.0
            },
            "4": {
                "precision": 0.26126126126126126,
                "recall": 0.3493975903614458,
                "f1-score": 0.29896907216494845,
                "support": 415.0
            },
            "5": {
                "precision": 0.3172043010752688,
                "recall": 0.17251461988304093,
                "f1-score": 0.2234848484848485,
                "support": 342.0
            },
            "6": {
                "precision": 0.1,
                "recall": 0.002967359050445104,
                "f1-score": 0.005763688760806917,
                "support": 337.0
            },
            "7": {
                "precision": 0.4460694698354662,
                "recall": 0.7218934911242604,
                "f1-score": 0.5514124293785311,
                "support": 338.0
            },
            "accuracy": 0.37735203557988367,
            "macro avg": {
                "precision": 0.3446920839481683,
                "recall": 0.38294552750888355,
                "f1-score": 0.3485767145195686,
                "support": 2923.0
            },
            "weighted avg": {
                "precision": 0.3394733013904939,
                "recall": 0.37735203557988367,
                "f1-score": 0.34400584222497976,
                "support": 2923.0
            },
            "cross-entropy": 1.5214620985733653,
            "score": 0.37735203557988367
        },
        "val": {
            "0": {
                "precision": 0.6272727272727273,
                "recall": 0.7419354838709677,
                "f1-score": 0.6798029556650247,
                "support": 93.0
            },
            "1": {
                "precision": 0.36904761904761907,
                "recall": 0.43661971830985913,
                "f1-score": 0.4,
                "support": 71.0
            },
            "2": {
                "precision": 0.32666666666666666,
                "recall": 0.4298245614035088,
                "f1-score": 0.3712121212121212,
                "support": 114.0
            },
            "3": {
                "precision": 0.27007299270072993,
                "recall": 0.27205882352941174,
                "f1-score": 0.27106227106227104,
                "support": 136.0
            },
            "4": {
                "precision": 0.29878048780487804,
                "recall": 0.3310810810810811,
                "f1-score": 0.3141025641025641,
                "support": 148.0
            },
            "5": {
                "precision": 0.4186046511627907,
                "recall": 0.1782178217821782,
                "f1-score": 0.25,
                "support": 101.0
            },
            "6": {
                "precision": 0.0,
                "recall": 0.0,
                "f1-score": 0.0,
                "support": 81.0
            },
            "7": {
                "precision": 0.4236111111111111,
                "recall": 0.6703296703296703,
                "f1-score": 0.5191489361702128,
                "support": 91.0
            },
            "accuracy": 0.37604790419161677,
            "macro avg": {
                "precision": 0.34175703197081536,
                "recall": 0.38250839503833467,
                "f1-score": 0.35066610602652426,
                "support": 835.0
            },
            "weighted avg": {
                "precision": 0.33958786187990275,
                "recall": 0.37604790419161677,
                "f1-score": 0.3470467763331339,
                "support": 835.0
            },
            "cross-entropy": 1.5717094598118995,
            "score": 0.37604790419161677
        },
        "test": {
            "0": {
                "precision": 0.6666666666666666,
                "recall": 0.7317073170731707,
                "f1-score": 0.6976744186046511,
                "support": 41.0
            },
            "1": {
                "precision": 0.3191489361702128,
                "recall": 0.42857142857142855,
                "f1-score": 0.36585365853658536,
                "support": 35.0
            },
            "2": {
                "precision": 0.3142857142857143,
                "recall": 0.4230769230769231,
                "f1-score": 0.360655737704918,
                "support": 52.0
            },
            "3": {
                "precision": 0.19696969696969696,
                "recall": 0.20634920634920634,
                "f1-score": 0.20155038759689922,
                "support": 63.0
            },
            "4": {
                "precision": 0.23863636363636365,
                "recall": 0.29577464788732394,
                "f1-score": 0.26415094339622647,
                "support": 71.0
            },
            "5": {
                "precision": 0.37037037037037035,
                "recall": 0.22727272727272727,
                "f1-score": 0.2816901408450704,
                "support": 44.0
            },
            "6": {
                "precision": 0.0,
                "recall": 0.0,
                "f1-score": 0.0,
                "support": 52.0
            },
            "7": {
                "precision": 0.48,
                "recall": 0.5901639344262295,
                "f1-score": 0.5294117647058824,
                "support": 61.0
            },
            "accuracy": 0.35083532219570407,
            "macro avg": {
                "precision": 0.3232597185123781,
                "recall": 0.3628645230821262,
                "f1-score": 0.33762338142377907,
                "support": 419.0
            },
            "weighted avg": {
                "precision": 0.30972547080123375,
                "recall": 0.35083532219570407,
                "f1-score": 0.32530907593366487,
                "support": 419.0
            },
            "cross-entropy": 1.596510191389774,
            "score": 0.35083532219570407
        }
    }
}
