{
    "function": "bin.ensemble.main",
    "gpus": [],
    "scores": {
        "train": 0.37735203557988367,
        "val": 0.37604790419161677,
        "test": 0.35083532219570407
    }
}
