{
    "function": "bin.tabr_classGroup.main",
    "gpus": [
        "Tesla K80"
    ],
    "n_parameters": 664201,
    "best_epoch": 46,
    "scores": {
        "train": -1.2293185925050667,
        "val": -1.3477892799995252,
        "test": -1.3274987703482894
    },
    "time": "0:00:48"
}
