{
    "function": "bin.tabr_classGroup.main",
    "gpus": [
        "Tesla K80"
    ],
    "n_parameters": 664201,
    "best_epoch": 38,
    "scores": {
        "train": -1.232368669631978,
        "val": -1.3448086088468805,
        "test": -1.3295965503663354
    },
    "time": "0:00:41"
}
