{
    "function": "bin.tabr_classGroup.main",
    "gpus": [
        "Tesla K80"
    ],
    "n_parameters": 664201,
    "best_epoch": 43,
    "scores": {
        "train": -1.2298406585780017,
        "val": -1.340223692152296,
        "test": -1.3353501077278311
    },
    "time": "0:00:46"
}
