{
    "function": "bin.tabr_classGroup.main",
    "gpus": [
        "Tesla K80"
    ],
    "n_parameters": 664201,
    "best_epoch": 37,
    "scores": {
        "train": -1.2484851192545157,
        "val": -1.3437401172476067,
        "test": -1.3058743495143843
    },
    "time": "0:00:41"
}
