{
    "function": "bin.tabr_classGroup.main",
    "gpus": [
        "Tesla K80"
    ],
    "config": {
        "seed": 14,
        "batch_size": 256,
        "patience": 16,
        "n_epochs": Infinity,
        "context_size": 96,
        "data": {
            "seed": 0,
            "cache": true,
            "path": ":data/abalone/regression/",
            "num_policy": "quantile",
            "cat_policy": null,
            "y_policy": "standard"
        },
        "model": {
            "num_embeddings": null,
            "d_main": 225,
            "context_dropout": 0.011273880261813085,
            "d_multiplier": 2.0,
            "encoder_n_blocks": 0,
            "predictor_n_blocks": 1,
            "mixer_normalization": "auto",
            "dropout0": 0.3705812982455262,
            "dropout1": 0.0,
            "normalization": "LayerNorm",
            "activation": "ReLU"
        },
        "optimizer": {
            "type": "AdamW",
            "lr": 0.00025660719000930555,
            "weight_decay": 2.3101522250182388e-05
        }
    },
    "n_parameters": 664201,
    "prediction_type": null,
    "best_epoch": 51,
    "metrics": {
        "train": {
            "rmse": 1.2344896190982138,
            "mae": 0.9662183352026694,
            "r2": 0.6765548170946625,
            "score": -1.2344896190982138
        },
        "val": {
            "rmse": 1.351571705072319,
            "mae": 1.0416417603546935,
            "r2": 0.594188809237412,
            "score": -1.351571705072319
        },
        "test": {
            "rmse": 1.3234593436137339,
            "mae": 1.0272501259314684,
            "r2": 0.6360877647072137,
            "score": -1.3234593436137339
        }
    },
    "time": "0:00:51",
    "chunk_size": null,
    "eval_batch_size": 32768
}
