{
    "function": "bin.tabr_classGroup.main",
    "gpus": [
        "Tesla K80"
    ],
    "n_parameters": 664201,
    "best_epoch": 51,
    "scores": {
        "train": -1.2344896190982138,
        "val": -1.351571705072319,
        "test": -1.3234593436137339
    },
    "time": "0:00:51"
}
