{
    "function": "bin.tabr_classGroup.main",
    "gpus": [
        "Tesla K80"
    ],
    "n_parameters": 664201,
    "best_epoch": 42,
    "scores": {
        "train": -1.2382034590215565,
        "val": -1.3517362917590392,
        "test": -1.325926599894034
    },
    "time": "0:00:45"
}
