{
    "function": "bin.ensemble.main",
    "gpus": [],
    "scores": {
        "train": -1.2391859644495744,
        "val": -1.341060846515555,
        "test": -1.3231666853751012
    }
}
