{
    "function": "bin.tabr_classGroup.main",
    "gpus": [
        "Tesla K80"
    ],
    "config": {
        "seed": 6,
        "batch_size": 256,
        "patience": 16,
        "n_epochs": Infinity,
        "context_size": 96,
        "data": {
            "seed": 0,
            "cache": true,
            "path": ":data/abalone/regression/",
            "num_policy": "quantile",
            "cat_policy": null,
            "y_policy": "standard"
        },
        "model": {
            "num_embeddings": null,
            "d_main": 225,
            "context_dropout": 0.011273880261813085,
            "d_multiplier": 2.0,
            "encoder_n_blocks": 0,
            "predictor_n_blocks": 1,
            "mixer_normalization": "auto",
            "dropout0": 0.3705812982455262,
            "dropout1": 0.0,
            "normalization": "LayerNorm",
            "activation": "ReLU"
        },
        "optimizer": {
            "type": "AdamW",
            "lr": 0.00025660719000930555,
            "weight_decay": 2.3101522250182388e-05
        }
    },
    "n_parameters": 664201,
    "prediction_type": null,
    "best_epoch": 38,
    "metrics": {
        "train": {
            "rmse": 1.2505798376614663,
            "mae": 0.9874042412110751,
            "r2": 0.6680683627719253,
            "score": -1.2505798376614663
        },
        "val": {
            "rmse": 1.349266784873331,
            "mae": 1.0481968590622708,
            "r2": 0.5955717397040609,
            "score": -1.349266784873331
        },
        "test": {
            "rmse": 1.3302171417710387,
            "mae": 1.039679186505785,
            "r2": 0.6323618866164469,
            "score": -1.3302171417710387
        }
    },
    "time": "0:00:40",
    "chunk_size": null,
    "eval_batch_size": 32768
}
