{
    "function": "bin.tabr_classGroup.main",
    "gpus": [
        "Tesla K80"
    ],
    "n_parameters": 664201,
    "best_epoch": 38,
    "scores": {
        "train": -1.2505798376614663,
        "val": -1.349266784873331,
        "test": -1.3302171417710387
    },
    "time": "0:00:40"
}
