{
    "function": "bin.tabr_classGroup.main",
    "gpus": [
        "Tesla K80"
    ],
    "n_parameters": 1003820,
    "best_epoch": 4,
    "scores": {
        "train": 0.37256243585357507,
        "val": 0.38323353293413176,
        "test": 0.35083532219570407
    },
    "time": "0:00:20"
}
