{
    "function": "bin.tabr_classGroup.main",
    "gpus": [
        "Tesla K80"
    ],
    "n_parameters": 1003820,
    "best_epoch": 7,
    "scores": {
        "train": 0.37803626411221347,
        "val": 0.38323353293413176,
        "test": 0.32935560859188545
    },
    "time": "0:00:23"
}
