{
    "function": "bin.ensemble.main",
    "config": {
        "seeds": [
            10,
            11,
            12,
            13,
            14
        ]
    },
    "single_model_function": "bin.tabr_classGroup.main",
    "data": ":data/abalone_classification",
    "prediction_type": "probs",
    "metrics": {
        "train": {
            "0": {
                "precision": 0.6454293628808865,
                "recall": 0.7420382165605095,
                "f1-score": 0.6903703703703704,
                "support": 314.0
            },
            "1": {
                "precision": 0.3470031545741325,
                "recall": 0.38596491228070173,
                "f1-score": 0.3654485049833887,
                "support": 285.0
            },
            "2": {
                "precision": 0.34085778781038373,
                "recall": 0.3756218905472637,
                "f1-score": 0.357396449704142,
                "support": 402.0
            },
            "3": {
                "precision": 0.3132716049382716,
                "recall": 0.4142857142857143,
                "f1-score": 0.35676625659050965,
                "support": 490.0
            },
            "4": {
                "precision": 0.2625,
                "recall": 0.15180722891566265,
                "f1-score": 0.19236641221374048,
                "support": 415.0
            },
            "5": {
                "precision": 0.3087818696883853,
                "recall": 0.31871345029239767,
                "f1-score": 0.3136690647482015,
                "support": 342.0
            },
            "6": {
                "precision": 0.25,
                "recall": 0.032640949554896145,
                "f1-score": 0.05774278215223097,
                "support": 337.0
            },
            "7": {
                "precision": 0.46421663442940037,
                "recall": 0.7100591715976331,
                "f1-score": 0.5614035087719298,
                "support": 338.0
            },
            "accuracy": 0.38316797810468695,
            "macro avg": {
                "precision": 0.36650755179018246,
                "recall": 0.39139144175434737,
                "f1-score": 0.3618954186918142,
                "support": 2923.0
            },
            "weighted avg": {
                "precision": 0.35846211357794,
                "recall": 0.38316797810468695,
                "f1-score": 0.35434093174470693,
                "support": 2923.0
            },
            "cross-entropy": 1.494395864513991,
            "score": 0.38316797810468695
        },
        "val": {
            "0": {
                "precision": 0.6601941747572816,
                "recall": 0.7311827956989247,
                "f1-score": 0.6938775510204083,
                "support": 93.0
            },
            "1": {
                "precision": 0.3786407766990291,
                "recall": 0.5492957746478874,
                "f1-score": 0.4482758620689655,
                "support": 71.0
            },
            "2": {
                "precision": 0.3418803418803419,
                "recall": 0.3508771929824561,
                "f1-score": 0.3463203463203463,
                "support": 114.0
            },
            "3": {
                "precision": 0.25888324873096447,
                "recall": 0.375,
                "f1-score": 0.3063063063063063,
                "support": 136.0
            },
            "4": {
                "precision": 0.273972602739726,
                "recall": 0.13513513513513514,
                "f1-score": 0.1809954751131222,
                "support": 148.0
            },
            "5": {
                "precision": 0.3953488372093023,
                "recall": 0.33663366336633666,
                "f1-score": 0.36363636363636365,
                "support": 101.0
            },
            "6": {
                "precision": 0.1,
                "recall": 0.024691358024691357,
                "f1-score": 0.039603960396039604,
                "support": 81.0
            },
            "7": {
                "precision": 0.4485294117647059,
                "recall": 0.6703296703296703,
                "f1-score": 0.5374449339207048,
                "support": 91.0
            },
            "accuracy": 0.3772455089820359,
            "macro avg": {
                "precision": 0.35718117422266893,
                "recall": 0.3966431987731377,
                "f1-score": 0.36455759984778213,
                "support": 835.0
            },
            "weighted avg": {
                "precision": 0.34953100411261756,
                "recall": 0.3772455089820359,
                "f1-score": 0.35104956696149675,
                "support": 835.0
            },
            "cross-entropy": 1.575193614166288,
            "score": 0.3772455089820359
        },
        "test": {
            "0": {
                "precision": 0.6818181818181818,
                "recall": 0.7317073170731707,
                "f1-score": 0.7058823529411764,
                "support": 41.0
            },
            "1": {
                "precision": 0.2830188679245283,
                "recall": 0.42857142857142855,
                "f1-score": 0.3409090909090909,
                "support": 35.0
            },
            "2": {
                "precision": 0.3157894736842105,
                "recall": 0.34615384615384615,
                "f1-score": 0.33027522935779813,
                "support": 52.0
            },
            "3": {
                "precision": 0.2222222222222222,
                "recall": 0.3492063492063492,
                "f1-score": 0.2716049382716049,
                "support": 63.0
            },
            "4": {
                "precision": 0.22857142857142856,
                "recall": 0.11267605633802817,
                "f1-score": 0.1509433962264151,
                "support": 71.0
            },
            "5": {
                "precision": 0.24489795918367346,
                "recall": 0.2727272727272727,
                "f1-score": 0.25806451612903225,
                "support": 44.0
            },
            "6": {
                "precision": 0.3333333333333333,
                "recall": 0.038461538461538464,
                "f1-score": 0.06896551724137931,
                "support": 52.0
            },
            "7": {
                "precision": 0.47368421052631576,
                "recall": 0.5901639344262295,
                "f1-score": 0.5255474452554745,
                "support": 61.0
            },
            "accuracy": 0.3412887828162291,
            "macro avg": {
                "precision": 0.34791695965798675,
                "recall": 0.3587084678697329,
                "f1-score": 0.33152406079149643,
                "support": 419.0
            },
            "weighted avg": {
                "precision": 0.337740835970345,
                "recall": 0.3412887828162291,
                "f1-score": 0.31712371978284387,
                "support": 419.0
            },
            "cross-entropy": 1.5726430465048564,
            "score": 0.3412887828162291
        }
    }
}
