{
    "function": "bin.ensemble.main",
    "gpus": [],
    "scores": {
        "train": 0.38316797810468695,
        "val": 0.3772455089820359,
        "test": 0.3412887828162291
    }
}
