{
    "function": "bin.tabr_classGroup.main",
    "gpus": [
        "Tesla K80"
    ],
    "config": {
        "seed": 3,
        "batch_size": 256,
        "patience": 16,
        "n_epochs": Infinity,
        "context_size": 96,
        "data": {
            "seed": 0,
            "cache": true,
            "path": ":data/abalone/regression/",
            "num_policy": "quantile",
            "cat_policy": null,
            "y_policy": "standard"
        },
        "model": {
            "num_embeddings": null,
            "d_main": 225,
            "context_dropout": 0.011273880261813085,
            "d_multiplier": 2.0,
            "encoder_n_blocks": 0,
            "predictor_n_blocks": 1,
            "mixer_normalization": "auto",
            "dropout0": 0.3705812982455262,
            "dropout1": 0.0,
            "normalization": "LayerNorm",
            "activation": "ReLU"
        },
        "optimizer": {
            "type": "AdamW",
            "lr": 0.00025660719000930555,
            "weight_decay": 2.3101522250182388e-05
        }
    },
    "n_parameters": 664201,
    "prediction_type": null,
    "best_epoch": 39,
    "metrics": {
        "train": {
            "rmse": 1.2534554788893697,
            "mae": 0.9820064836103486,
            "r2": 0.666540089723558,
            "score": -1.2534554788893697
        },
        "val": {
            "rmse": 1.3471209479126889,
            "mae": 1.0398642128014115,
            "r2": 0.5968571000588874,
            "score": -1.3471209479126889
        },
        "test": {
            "rmse": 1.319428969057923,
            "mae": 1.0220376188688034,
            "r2": 0.6383008577224615,
            "score": -1.319428969057923
        }
    },
    "time": "0:00:40",
    "chunk_size": null,
    "eval_batch_size": 32768
}
