{
    "function": "bin.tabr_classGroup.main",
    "gpus": [
        "Tesla K80"
    ],
    "config": {
        "seed": 13,
        "batch_size": 256,
        "patience": 16,
        "n_epochs": Infinity,
        "context_size": 96,
        "data": {
            "seed": 0,
            "cache": true,
            "path": ":data/abalone/regression/",
            "num_policy": "quantile",
            "cat_policy": null,
            "y_policy": "standard"
        },
        "model": {
            "num_embeddings": null,
            "d_main": 225,
            "context_dropout": 0.011273880261813085,
            "d_multiplier": 2.0,
            "encoder_n_blocks": 0,
            "predictor_n_blocks": 1,
            "mixer_normalization": "auto",
            "dropout0": 0.3705812982455262,
            "dropout1": 0.0,
            "normalization": "LayerNorm",
            "activation": "ReLU"
        },
        "optimizer": {
            "type": "AdamW",
            "lr": 0.00025660719000930555,
            "weight_decay": 2.3101522250182388e-05
        }
    },
    "n_parameters": 664201,
    "prediction_type": null,
    "best_epoch": 46,
    "metrics": {
        "train": {
            "rmse": 1.2468839681939536,
            "mae": 0.9788477935123937,
            "r2": 0.6700273952234947,
            "score": -1.2468839681939536
        },
        "val": {
            "rmse": 1.3502741201413757,
            "mae": 1.0440853104388619,
            "r2": 0.5949676383789071,
            "score": -1.3502741201413757
        },
        "test": {
            "rmse": 1.3177195830659523,
            "mae": 1.0251928769089902,
            "r2": 0.6392374491617827,
            "score": -1.3177195830659523
        }
    },
    "time": "0:00:48",
    "chunk_size": null,
    "eval_batch_size": 32768
}
