{
    "function": "bin.tabr_classGroup.main",
    "gpus": [
        "Tesla K80"
    ],
    "config": {
        "seed": 12,
        "batch_size": 256,
        "patience": 16,
        "n_epochs": Infinity,
        "context_size": 96,
        "data": {
            "seed": 0,
            "cache": true,
            "path": ":data/abalone_classification",
            "num_policy": "quantile",
            "cat_policy": null,
            "y_policy": null
        },
        "model": {
            "num_embeddings": null,
            "d_main": 276,
            "context_dropout": 0.3320661224367097,
            "d_multiplier": 2.0,
            "encoder_n_blocks": 0,
            "predictor_n_blocks": 1,
            "mixer_normalization": "auto",
            "dropout0": 0.5986441959326193,
            "dropout1": 0.0,
            "normalization": "LayerNorm",
            "activation": "ReLU"
        },
        "optimizer": {
            "type": "AdamW",
            "lr": 0.000293408970377923,
            "weight_decay": 1.3484304462357562e-05
        }
    },
    "n_parameters": 1003820,
    "prediction_type": "logits",
    "best_epoch": 10,
    "metrics": {
        "train": {
            "0": {
                "precision": 0.6397849462365591,
                "recall": 0.7579617834394905,
                "f1-score": 0.6938775510204083,
                "support": 314.0
            },
            "1": {
                "precision": 0.329923273657289,
                "recall": 0.45263157894736844,
                "f1-score": 0.3816568047337278,
                "support": 285.0
            },
            "2": {
                "precision": 0.3853658536585366,
                "recall": 0.19651741293532338,
                "f1-score": 0.2602965403624382,
                "support": 402.0
            },
            "3": {
                "precision": 0.31600547195622436,
                "recall": 0.4714285714285714,
                "f1-score": 0.3783783783783784,
                "support": 490.0
            },
            "4": {
                "precision": 0.2602040816326531,
                "recall": 0.12289156626506025,
                "f1-score": 0.1669394435351882,
                "support": 415.0
            },
            "5": {
                "precision": 0.2942528735632184,
                "recall": 0.3742690058479532,
                "f1-score": 0.32947232947232946,
                "support": 342.0
            },
            "6": {
                "precision": 0.26229508196721313,
                "recall": 0.09495548961424333,
                "f1-score": 0.1394335511982571,
                "support": 337.0
            },
            "7": {
                "precision": 0.49469214437367304,
                "recall": 0.6893491124260355,
                "f1-score": 0.5760197775030902,
                "support": 338.0
            },
            "accuracy": 0.3835100923708519,
            "macro avg": {
                "precision": 0.3728154658806708,
                "recall": 0.39500056511300574,
                "f1-score": 0.3657592970254772,
                "support": 2923.0
            },
            "weighted avg": {
                "precision": 0.3656855711930594,
                "recall": 0.3835100923708519,
                "f1-score": 0.35591431826791764,
                "support": 2923.0
            },
            "cross-entropy": 1.49151336606922,
            "score": 0.3835100923708519
        },
        "val": {
            "0": {
                "precision": 0.6504854368932039,
                "recall": 0.7204301075268817,
                "f1-score": 0.6836734693877552,
                "support": 93.0
            },
            "1": {
                "precision": 0.3416666666666667,
                "recall": 0.5774647887323944,
                "f1-score": 0.4293193717277487,
                "support": 71.0
            },
            "2": {
                "precision": 0.5,
                "recall": 0.2543859649122807,
                "f1-score": 0.3372093023255814,
                "support": 114.0
            },
            "3": {
                "precision": 0.2857142857142857,
                "recall": 0.45588235294117646,
                "f1-score": 0.3512747875354107,
                "support": 136.0
            },
            "4": {
                "precision": 0.30158730158730157,
                "recall": 0.12837837837837837,
                "f1-score": 0.18009478672985782,
                "support": 148.0
            },
            "5": {
                "precision": 0.3486238532110092,
                "recall": 0.37623762376237624,
                "f1-score": 0.3619047619047619,
                "support": 101.0
            },
            "6": {
                "precision": 0.225,
                "recall": 0.1111111111111111,
                "f1-score": 0.14876033057851237,
                "support": 81.0
            },
            "7": {
                "precision": 0.472,
                "recall": 0.6483516483516484,
                "f1-score": 0.5462962962962963,
                "support": 91.0
            },
            "accuracy": 0.38802395209580837,
            "macro avg": {
                "precision": 0.3906346930090584,
                "recall": 0.40903024696453094,
                "f1-score": 0.37981663831074053,
                "support": 835.0
            },
            "weighted avg": {
                "precision": 0.38518988219254696,
                "recall": 0.38802395209580837,
                "f1-score": 0.36556586675914476,
                "support": 835.0
            },
            "cross-entropy": 1.5860330862012035,
            "score": 0.38802395209580837
        },
        "test": {
            "0": {
                "precision": 0.6739130434782609,
                "recall": 0.7560975609756098,
                "f1-score": 0.7126436781609194,
                "support": 41.0
            },
            "1": {
                "precision": 0.27586206896551724,
                "recall": 0.45714285714285713,
                "f1-score": 0.3440860215053763,
                "support": 35.0
            },
            "2": {
                "precision": 0.36666666666666664,
                "recall": 0.21153846153846154,
                "f1-score": 0.26829268292682923,
                "support": 52.0
            },
            "3": {
                "precision": 0.2549019607843137,
                "recall": 0.4126984126984127,
                "f1-score": 0.3151515151515151,
                "support": 63.0
            },
            "4": {
                "precision": 0.24,
                "recall": 0.08450704225352113,
                "f1-score": 0.125,
                "support": 71.0
            },
            "5": {
                "precision": 0.21739130434782608,
                "recall": 0.3409090909090909,
                "f1-score": 0.2654867256637168,
                "support": 44.0
            },
            "6": {
                "precision": 0.20833333333333334,
                "recall": 0.09615384615384616,
                "f1-score": 0.13157894736842105,
                "support": 52.0
            },
            "7": {
                "precision": 0.49230769230769234,
                "recall": 0.5245901639344263,
                "f1-score": 0.5079365079365079,
                "support": 61.0
            },
            "accuracy": 0.33890214797136037,
            "macro avg": {
                "precision": 0.3411720087354513,
                "recall": 0.3604546794507782,
                "f1-score": 0.3337720098391608,
                "support": 419.0
            },
            "weighted avg": {
                "precision": 0.3338434781572486,
                "recall": 0.33890214797136037,
                "f1-score": 0.3184959778055247,
                "support": 419.0
            },
            "cross-entropy": 1.5716991714748159,
            "score": 0.33890214797136037
        }
    },
    "time": "0:00:27",