{
    "function": "bin.tabr_classGroup.main",
    "gpus": [
        "Tesla K80"
    ],
    "config": {
        "seed": 5,
        "batch_size": 256,
        "patience": 16,
        "n_epochs": Infinity,
        "context_size": 96,
        "data": {
            "seed": 0,
            "cache": true,
            "path": ":data/abalone_classification",
            "num_policy": "quantile",
            "cat_policy": null,
            "y_policy": null
        },
        "model": {
            "num_embeddings": null,
            "d_main": 276,
            "context_dropout": 0.3320661224367097,
            "d_multiplier": 2.0,
            "encoder_n_blocks": 0,
            "predictor_n_blocks": 1,
            "mixer_normalization": "auto",
            "dropout0": 0.5986441959326193,
            "dropout1": 0.0,
            "normalization": "LayerNorm",
            "activation": "ReLU"
        },
        "optimizer": {
            "type": "AdamW",
            "lr": 0.000293408970377923,
            "weight_decay": 1.3484304462357562e-05
        }
    },
    "n_parameters": 1003820,
    "prediction_type": "logits",
    "best_epoch": 5,
    "metrics": {
        "train": {
            "0": {
                "precision": 0.6211340206185567,
                "recall": 0.767515923566879,
                "f1-score": 0.6866096866096867,
                "support": 314.0
            },
            "1": {
                "precision": 0.3489208633093525,
                "recall": 0.34035087719298246,
                "f1-score": 0.34458259325044405,
                "support": 285.0
            },
            "2": {
                "precision": 0.33059548254620125,
                "recall": 0.40049751243781095,
                "f1-score": 0.3622047244094489,
                "support": 402.0
            },
            "3": {
                "precision": 0.3346774193548387,
                "recall": 0.33877551020408164,
                "f1-score": 0.3367139959432049,
                "support": 490.0
            },
            "4": {
                "precision": 0.2526690391459075,
                "recall": 0.3421686746987952,
                "f1-score": 0.2906857727737973,
                "support": 415.0
            },
            "5": {
                "precision": 0.35036496350364965,
                "recall": 0.14035087719298245,
                "f1-score": 0.20041753653444677,
                "support": 342.0
            },
            "6": {
                "precision": 0.0,
                "recall": 0.0,
                "f1-score": 0.0,
                "support": 337.0
            },
            "7": {
                "precision": 0.4330434782608696,
                "recall": 0.7366863905325444,
                "f1-score": 0.5454545454545455,
                "support": 338.0
            },
            "accuracy": 0.3776941498460486,
            "macro avg": {
                "precision": 0.333925658342422,
                "recall": 0.38329322072825955,
                "f1-score": 0.34583360687194675,
                "support": 2923.0
            },
            "weighted avg": {
                "precision": 0.3292579583991823,
                "recall": 0.3776941498460486,
                "f1-score": 0.34140905489433115,
                "support": 2923.0
            },
            "cross-entropy": 1.5189807204821972,
            "score": 0.3776941498460486
        },
        "val": {
            "0": {
                "precision": 0.6422018348623854,
                "recall": 0.7526881720430108,
                "f1-score": 0.6930693069306931,
                "support": 93.0
            },
            "1": {
                "precision": 0.3684210526315789,
                "recall": 0.49295774647887325,
                "f1-score": 0.4216867469879518,
                "support": 71.0
            },
            "2": {
                "precision": 0.3458646616541353,
                "recall": 0.40350877192982454,
                "f1-score": 0.3724696356275303,
                "support": 114.0
            },
            "3": {
                "precision": 0.28205128205128205,
                "recall": 0.3235294117647059,
                "f1-score": 0.3013698630136986,
                "support": 136.0
            },
            "4": {
                "precision": 0.2929936305732484,
                "recall": 0.3108108108108108,
                "f1-score": 0.3016393442622951,
                "support": 148.0
            },
            "5": {
                "precision": 0.4375,
                "recall": 0.13861386138613863,
                "f1-score": 0.2105263157894737,
                "support": 101.0
            },
            "6": {
                "precision": 0.0,
                "recall": 0.0,
                "f1-score": 0.0,
                "support": 81.0
            },
            "7": {
                "precision": 0.39869281045751637,
                "recall": 0.6703296703296703,
                "f1-score": 0.5,
                "support": 91.0
            },
            "accuracy": 0.3784431137724551,
            "macro avg": {
                "precision": 0.3459656590287683,
                "recall": 0.38655480559287925,
                "f1-score": 0.3500951515764553,
                "support": 835.0
            },
            "weighted avg": {
                "precision": 0.344313549991694,
                "recall": 0.3784431137724551,
                "f1-score": 0.34640577875168505,
                "support": 835.0
            },
            "cross-entropy": 1.5780364852841553,
            "score": 0.3784431137724551
        },
        "test": {
            "0": {
                "precision": 0.6808510638297872,
                "recall": 0.7804878048780488,
                "f1-score": 0.7272727272727273,
                "support": 41.0
            },
            "1": {
                "precision": 0.3191489361702128,
                "recall": 0.42857142857142855,
                "f1-score": 0.36585365853658536,
                "support": 35.0
            },
            "2": {
                "precision": 0.3230769230769231,
                "recall": 0.40384615384615385,
                "f1-score": 0.358974358974359,
                "support": 52.0
            },
            "3": {
                "precision": 0.25,
                "recall": 0.2857142857142857,
                "f1-score": 0.26666666666666666,
                "support": 63.0
            },
            "4": {
                "precision": 0.2,
                "recall": 0.2535211267605634,
                "f1-score": 0.2236024844720497,
                "support": 71.0
            },
            "5": {
                "precision": 0.2777777777777778,
                "recall": 0.11363636363636363,
                "f1-score": 0.16129032258064516,
                "support": 44.0
            },
            "6": {
                "precision": 0.0,
                "recall": 0.0,
                "f1-score": 0.0,
                "support": 52.0
            },
            "7": {
                "precision": 0.45,
                "recall": 0.5901639344262295,
                "f1-score": 0.5106382978723405,
                "support": 61.0
            },
            "accuracy": 0.3460620525059666,
            "macro avg": {
                "precision": 0.3126068376068376,
                "recall": 0.3569926372291342,
                "f1-score": 0.3267873145469217,
                "support": 419.0
            },
            "weighted avg": {
                "precision": 0.2995401637355631,
                "recall": 0.3460620525059666,
                "f1-score": 0.31553988853199444,
                "support": 419.0
            },
            "cross-entropy": 1.5869586266525975,
            "score": 0.3460620525059666
        }
    },
    "time": "0:00:21",
    "chunk_size": null,
    "eval_batch_size": 32768
}
