{
    "function": "bin.ensemble.main",
    "gpus": [],
    "scores": {
        "train": -1.248783529533113,
        "val": -1.3462299485650944,
        "test": -1.3180452875273108
    }
}
