{
    "function": "bin.tabr_classGroup.main",
    "gpus": [
        "Tesla K80"
    ],
    "n_parameters": 1003820,
    "best_epoch": 1,
    "scores": {
        "train": 0.3708518645227506,
        "val": 0.3772455089820359,
        "test": 0.33890214797136037
    },
    "time": "0:00:17"
}
