{
    "function": "bin.tabr_classGroup.main",
    "gpus": [
        "Tesla K80"
    ],
    "config": {
        "seed": 12,
        "batch_size": 256,
        "patience": 16,
        "n_epochs": Infinity,
        "context_size": 96,
        "data": {
            "seed": 0,
            "cache": true,
            "path": ":data/abalone/regression/",
            "num_policy": "quantile",
            "cat_policy": null,
            "y_policy": "standard"
        },
        "model": {
            "num_embeddings": null,
            "d_main": 225,
            "context_dropout": 0.011273880261813085,
            "d_multiplier": 2.0,
            "encoder_n_blocks": 0,
            "predictor_n_blocks": 1,
            "mixer_normalization": "auto",
            "dropout0": 0.3705812982455262,
            "dropout1": 0.0,
            "normalization": "LayerNorm",
            "activation": "ReLU"
        },
        "optimizer": {
            "type": "AdamW",
            "lr": 0.00025660719000930555,
            "weight_decay": 2.3101522250182388e-05
        }
    },
    "n_parameters": 664201,
    "prediction_type": null,
    "best_epoch": 26,
    "metrics": {
        "train": {
            "rmse": 1.2715929531617414,
            "mae": 1.0036405702864186,
            "r2": 0.6568199540916396,
            "score": -1.2715929531617414
        },
        "val": {
            "rmse": 1.351749206111481,
            "mae": 1.0507511655896147,
            "r2": 0.5940822123950164,
            "score": -1.351749206111481
        },
        "test": {
            "rmse": 1.3260918214190796,
            "mae": 1.0323072814127627,
            "r2": 0.6346386175891412,
            "score": -1.3260918214190796
        }
    },
    "time": "0:00:33",
    "chunk_size": null,
    "eval_batch_size": 32768
}
