{
    "function": "bin.tabr_classGroup.main",
    "gpus": [
        "Tesla K80"
    ],
    "n_parameters": 664201,
    "best_epoch": 26,
    "scores": {
        "train": -1.2715929531617414,
        "val": -1.351749206111481,
        "test": -1.3260918214190796
    },
    "time": "0:00:33"
}
