{
    "function": "bin.ensemble.main",
    "gpus": [],
    "scores": {
        "train": -1.2282612723801076,
        "val": -1.3407810967184772,
        "test": -1.3222825433599783
    }
}
