{
    "function": "bin.ensemble.main",
    "config": {
        "seeds": [
            0,
            1,
            2,
            3,
            4
        ]
    },
    "single_model_function": "bin.tabr_classGroup.main",
    "data": ":data/abalone_classification",
    "prediction_type": "probs",
    "metrics": {
        "train": {
            "0": {
                "precision": 0.6507042253521127,
                "recall": 0.7356687898089171,
                "f1-score": 0.6905829596412556,
                "support": 314.0
            },
            "1": {
                "precision": 0.3511705685618729,
                "recall": 0.3684210526315789,
                "f1-score": 0.35958904109589035,
                "support": 285.0
            },
            "2": {
                "precision": 0.3359375,
                "recall": 0.42786069651741293,
                "f1-score": 0.37636761487964987,
                "support": 402.0
            },
            "3": {
                "precision": 0.3217391304347826,
                "recall": 0.37755102040816324,
                "f1-score": 0.3474178403755868,
                "support": 490.0
            },
            "4": {
                "precision": 0.2743055555555556,
                "recall": 0.19036144578313252,
                "f1-score": 0.22475106685633,
                "support": 415.0
            },
            "5": {
                "precision": 0.32,
                "recall": 0.2573099415204678,
                "f1-score": 0.28525121555915717,
                "support": 342.0
            },
            "6": {
                "precision": 0.25675675675675674,
                "recall": 0.05637982195845697,
                "f1-score": 0.09245742092457421,
                "support": 337.0
            },
            "7": {
                "precision": 0.44954128440366975,
                "recall": 0.7248520710059172,
                "f1-score": 0.5549263873159683,
                "support": 338.0
            },
            "accuracy": 0.38453643516934655,
            "macro avg": {
                "precision": 0.3700193776330938,
                "recall": 0.39230060495425584,
                "f1-score": 0.36641794333105154,
                "support": 2923.0
            },
            "weighted avg": {
                "precision": 0.3622485714761422,
                "recall": 0.38453643516934655,
                "f1-score": 0.35936070038875373,
                "support": 2923.0
            },
            "cross-entropy": 1.5057193470541652,
            "score": 0.38453643516934655
        },
        "val": {
            "0": {
                "precision": 0.6601941747572816,
                "recall": 0.7311827956989247,
                "f1-score": 0.6938775510204083,
                "support": 93.0
            },
            "1": {
                "precision": 0.3917525773195876,
                "recall": 0.5352112676056338,
                "f1-score": 0.4523809523809524,
                "support": 71.0
            },
            "2": {
                "precision": 0.36428571428571427,
                "recall": 0.4473684210526316,
                "f1-score": 0.4015748031496063,
                "support": 114.0
            },
            "3": {
                "precision": 0.28160919540229884,
                "recall": 0.3602941176470588,
                "f1-score": 0.3161290322580645,
                "support": 136.0
            },
            "4": {
                "precision": 0.3218390804597701,
                "recall": 0.1891891891891892,
                "f1-score": 0.23829787234042554,
                "support": 148.0
            },
            "5": {
                "precision": 0.4,
                "recall": 0.25742574257425743,
                "f1-score": 0.3132530120481928,
                "support": 101.0
            },
            "6": {
                "precision": 0.1935483870967742,
                "recall": 0.07407407407407407,
                "f1-score": 0.10714285714285714,
                "support": 81.0
            },
            "7": {
                "precision": 0.4420289855072464,
                "recall": 0.6703296703296703,
                "f1-score": 0.5327510917030568,
                "support": 91.0
            },
            "accuracy": 0.3916167664670659,
            "macro avg": {
                "precision": 0.38190726435358413,
                "recall": 0.40813440977143,
                "f1-score": 0.38192589650544545,
                "support": 835.0
            },
            "weighted avg": {
                "precision": 0.37481934633466596,
                "recall": 0.3916167664670659,
                "f1-score": 0.37064466575676347,
                "support": 835.0
            },
            "cross-entropy": 1.5755677844421716,
            "score": 0.3916167664670659
        },
        "test": {
            "0": {
                "precision": 0.6744186046511628,
                "recall": 0.7073170731707317,
                "f1-score": 0.6904761904761904,
                "support": 41.0
            },
            "1": {
                "precision": 0.2830188679245283,
                "recall": 0.42857142857142855,
                "f1-score": 0.3409090909090909,
                "support": 35.0
            },
            "2": {
                "precision": 0.3333333333333333,
                "recall": 0.4230769230769231,
                "f1-score": 0.3728813559322034,
                "support": 52.0
            },
            "3": {
                "precision": 0.2087912087912088,
                "recall": 0.30158730158730157,
                "f1-score": 0.24675324675324678,
                "support": 63.0
            },
            "4": {
                "precision": 0.17777777777777778,
                "recall": 0.11267605633802817,
                "f1-score": 0.13793103448275865,
                "support": 71.0
            },
            "5": {
                "precision": 0.3235294117647059,
                "recall": 0.25,
                "f1-score": 0.2820512820512821,
                "support": 44.0
            },
            "6": {
                "precision": 0.21428571428571427,
                "recall": 0.057692307692307696,
                "f1-score": 0.09090909090909091,
                "support": 52.0
            },
            "7": {
                "precision": 0.4794520547945205,
                "recall": 0.5737704918032787,
                "f1-score": 0.5223880597014925,
                "support": 61.0
            },
            "accuracy": 0.33890214797136037,
            "macro avg": {
                "precision": 0.3368258716653689,
                "recall": 0.35683644777999995,
                "f1-score": 0.33553741890191946,
                "support": 419.0
            },
            "weighted avg": {
                "precision": 0.32289009899863447,
                "recall": 0.33890214797136037,
                "f1-score": 0.31974446604502904,
                "support": 419.0
            },
            "cross-entropy": 1.581808933393117,
            "score": 0.33890214797136037
        }
    }
}
