{
    "function": "bin.ensemble.main",
    "gpus": [],
    "scores": {
        "train": 0.38453643516934655,
        "val": 0.3916167664670659,
        "test": 0.33890214797136037
    }
}
